{"stats":{"minecraft:used":{"minecraft:black_concrete":24,"minecraft:painting":1,"minecraft:lapis_block":6},"minecraft:picked_up":{"minecraft:wooden_axe":1},"minecraft:custom":{"minecraft:time_since_rest":3213,"minecraft:walk_one_cm":2700,"minecraft:leave_game":1,"minecraft:damage_taken":40,"minecraft:play_time":13618,"minecraft:jump":27,"minecraft:time_since_death":3189,"minecraft:sprint_one_cm":5547,"minecraft:fall_one_cm":778,"minecraft:total_world_time":15347,"minecraft:fly_one_cm":130309,"minecraft:crouch_one_cm":109,"minecraft:sneak_time":189,"minecraft:deaths":2}},"DataVersion":4325}